{"name":"47cc622b-255b-40b2-9713-0283c2a06570","id":"/providers/Microsoft.Flow/flows/47cc622b-255b-40b2-9713-0283c2a06570","type":"Microsoft.Flow/flows","properties":{"apiId":"/providers/Microsoft.PowerApps/apis/shared_logicflows","displayName":"Application Test Plan Send Notifications","definition":{"metadata":{"workflowEntityId":null,"flowclientsuspensionreason":"None","flowclientsuspensiontime":null,"creator":{"id":"ccec0db5-4cc8-4396-8311-cb91d2a72cae","type":"User","tenantId":"9f6a57fa-dde1-4400-a1f5-92364f43ed31"},"provisioningMethod":"FromDefinition","failureAlertSubscription":true,"clientLastModifiedTime":"2021-04-19T11:49:04.9935005Z"},"$schema":"https://schema.management.azure.com/providers/Microsoft.Logic/schemas/2016-06-01/workflowdefinition.json#","contentVersion":"1.0.0.0","parameters":{"$connections":{"defaultValue":{},"type":"Object"},"$authentication":{"defaultValue":{},"type":"SecureObject"}},"triggers":{"When_an_item_is_created":{"recurrence":{"frequency":"Minute","interval":5},"splitOn":"@triggerOutputs()?['body/value']","type":"OpenApiConnection","inputs":{"host":{"apiId":"/providers/Microsoft.PowerApps/apis/shared_sharepointonline","connectionName":"shared_sharepointonline","operationId":"GetOnNewItems"},"parameters":{"dataset":"https://chironitcom.sharepoint.com/sites/Demo/cvs","table":"a70302c0-ae38-44ad-8b4f-6ac5352f7ec6"},"authentication":"@parameters('$authentication')"}}},"actions":{"varTO":{"runAfter":{},"type":"InitializeVariable","inputs":{"variables":[{"name":"varTO","type":"string"}]}},"varCC":{"runAfter":{"varTO":["Succeeded"]},"type":"InitializeVariable","inputs":{"variables":[{"name":"varCC","type":"string"}]}},"LoopToEmails":{"foreach":"@triggerOutputs()?['body/To']","actions":{"AppendToEmails":{"runAfter":{},"type":"AppendToStringVariable","inputs":{"name":"varTO","value":"@items('LoopToEmails')?['Email']"}}},"runAfter":{"varStop":["Succeeded"]},"type":"Foreach"},"LoopCCEmails":{"foreach":"@triggerOutputs()?['body/CC']","actions":{"AppendCCEmails":{"runAfter":{},"type":"AppendToStringVariable","inputs":{"name":"varCC","value":"@items('LoopCCEmails')?['Email']"}}},"runAfter":{"LoopToEmails":["Succeeded"]},"type":"Foreach"},"IfDelayDateIsEmpty":{"actions":{"SendSingleEmail":{"runAfter":{},"type":"OpenApiConnection","inputs":{"host":{"apiId":"/providers/Microsoft.PowerApps/apis/shared_sendmail","connectionName":"shared_sendmail","operationId":"SendEmailV3"},"parameters":{"request/to":"@{variables('varTO')}; @{triggerOutputs()?['body/ToEmails']};","request/subject":"@triggerOutputs()?['body/Subject']","request/text":"@triggerOutputs()?['body/Body']","request/cc":"@{variables('varCC')};@{triggerOutputs()?['body/CCEmails']};"},"authentication":"@parameters('$authentication')"}}},"runAfter":{"LoopCCEmails":["Succeeded"]},"expression":{"equals":["@empty(triggerOutputs()?['body/DelayDate'])","@true"]},"type":"If"},"IfDelayDateIsNotEmptyAndRepeatDayIsEmpty":{"actions":{"Delay_until":{"runAfter":{},"type":"Wait","inputs":{"until":{"timestamp":"@triggerOutputs()?['body/DelayDate']"}}},"Condition":{"actions":{"SendDelayEmail":{"runAfter":{},"type":"OpenApiConnection","inputs":{"host":{"apiId":"/providers/Microsoft.PowerApps/apis/shared_sendmail","connectionName":"shared_sendmail","operationId":"SendEmailV3"},"parameters":{"request/to":"@{variables('varTO')}; @{triggerOutputs()?['body/ToEmails']};","request/subject":"@triggerOutputs()?['body/Subject']","request/text":"@triggerOutputs()?['body/Body']","request/cc":"@{variables('varCC')};@{triggerOutputs()?['body/CCEmails']};"},"authentication":"@parameters('$authentication')"}}},"runAfter":{"Delay_until":["Succeeded"]},"expression":{"equals":["@triggerOutputs()?['body/Stop']","@false"]},"type":"If"}},"runAfter":{"IfDelayDateIsEmpty":["Succeeded"]},"expression":{"and":[{"equals":["@empty(triggerOutputs()?['body/DelayDate'])","@false"]},{"equals":["@empty(triggerOutputs()?['body/RepeatDay'])","@true"]}]},"type":"If"},"IfDelayDateIsNotEmptyAndRepeatDayNotEmpty":{"actions":{"Delay_until_2":{"runAfter":{},"type":"Wait","inputs":{"until":{"timestamp":"@triggerOutputs()?['body/DelayDate']"}}},"Do_until":{"actions":{"Delay_until_3":{"runAfter":{"SendDelayEmail_2":["Succeeded"]},"type":"Wait","inputs":{"until":{"timestamp":"@variables('varNexDate')"}}},"SendDelayEmail_2":{"runAfter":{"SetVarStop2":["Succeeded"]},"type":"OpenApiConnection","inputs":{"host":{"apiId":"/providers/Microsoft.PowerApps/apis/shared_sendmail","connectionName":"shared_sendmail","operationId":"SendEmailV3"},"parameters":{"request/to":"@{variables('varTO')}; @{triggerOutputs()?['body/ToEmails']};","request/subject":"@triggerOutputs()?['body/Subject']","request/text":"@triggerOutputs()?['body/Body']","request/cc":"@{variables('varCC')};@{triggerOutputs()?['body/CCEmails']};"},"authentication":"@parameters('$authentication')"}},"Get_item_2":{"runAfter":{"SetVarNextDate2":["Succeeded"]},"type":"OpenApiConnection","inputs":{"host":{"apiId":"/providers/Microsoft.PowerApps/apis/shared_sharepointonline","connectionName":"shared_sharepointonline","operationId":"GetItem"},"parameters":{"dataset":"https://chironitcom.sharepoint.com/sites/Demo/cvs","table":"a70302c0-ae38-44ad-8b4f-6ac5352f7ec6","id":"@triggerOutputs()?['body/ID']"},"authentication":"@parameters('$authentication')"}},"SetVarStop2":{"runAfter":{"Get_item_2":["Succeeded"]},"type":"SetVariable","inputs":{"name":"varStop","value":"@outputs('Get_item_2')?['body/Stop']"}},"SetVarNexDateTmp":{"runAfter":{},"type":"SetVariable","inputs":{"name":"varNexDateTmp","value":"@variables('varNexDate')"}},"SetVarNextDate2":{"runAfter":{"SetVarNexDateTmp":["Succeeded"]},"type":"SetVariable","inputs":{"name":"varNexDate","value":"@{addMinutes(variables('varNexDateTmp'), int(triggerOutputs()?['body/RepeatDay']), 'yyyy-MM-ddThh:mm:ssZ')}"}}},"runAfter":{"SetVarNextDate1":["Succeeded"]},"expression":"@equals(variables('varStop'), true)","limit":{"count":60,"timeout":"PT1H"},"type":"Until"},"Get_item":{"runAfter":{"Delay_until_2":["Succeeded"]},"type":"OpenApiConnection","inputs":{"host":{"apiId":"/providers/Microsoft.PowerApps/apis/shared_sharepointonline","connectionName":"shared_sharepointonline","operationId":"GetItem"},"parameters":{"dataset":"https://chironitcom.sharepoint.com/sites/Demo/cvs","table":"a70302c0-ae38-44ad-8b4f-6ac5352f7ec6","id":"@triggerOutputs()?['body/ID']"},"authentication":"@parameters('$authentication')"}},"SetVarStop":{"runAfter":{"Get_item":["Succeeded"]},"type":"SetVariable","inputs":{"name":"varStop","value":"@outputs('Get_item')?['body/Stop']"}},"SetVarNextDate1":{"runAfter":{"SetVarStop":["Succeeded"]},"type":"SetVariable","inputs":{"name":"varNexDate","value":"@{addMinutes(triggerOutputs()?['body/DelayDate'], int(triggerOutputs()?['body/RepeatDay']), 'yyyy-MM-ddThh:mm:ssZ')}"}}},"runAfter":{"IfDelayDateIsNotEmptyAndRepeatDayIsEmpty":["Succeeded"]},"expression":{"and":[{"equals":["@empty(triggerOutputs()?['body/DelayDate'])","@false"]},{"equals":["@empty(triggerOutputs()?['body/RepeatDay'])","@false"]}]},"type":"If"},"varNexDate":{"runAfter":{"varCC":["Succeeded"]},"type":"InitializeVariable","inputs":{"variables":[{"name":"varNexDate","type":"string"}]}},"Delete_item":{"runAfter":{"IfDelayDateIsNotEmptyAndRepeatDayNotEmpty":["Succeeded"]},"type":"OpenApiConnection","inputs":{"host":{"apiId":"/providers/Microsoft.PowerApps/apis/shared_sharepointonline","connectionName":"shared_sharepointonline","operationId":"DeleteItem"},"parameters":{"dataset":"https://chironitcom.sharepoint.com/sites/Demo/cvs","table":"a70302c0-ae38-44ad-8b4f-6ac5352f7ec6","id":"@triggerOutputs()?['body/ID']"},"authentication":"@parameters('$authentication')"}},"varStop":{"runAfter":{"varNexDateTmp":["Succeeded"]},"type":"InitializeVariable","inputs":{"variables":[{"name":"varStop","type":"boolean","value":"@false"}]}},"varNexDateTmp":{"runAfter":{"varNexDate":["Succeeded"]},"type":"InitializeVariable","inputs":{"variables":[{"name":"varNexDateTmp","type":"string"}]}}}},"connectionReferences":{"shared_sendmail":{"connectionName":"shared-sendmail-846cd644-acd9-4b60-8866-1b20-162e844b","source":"Embedded","id":"/providers/Microsoft.PowerApps/apis/shared_sendmail","tier":"NotSpecified"},"shared_sharepointonline":{"connectionName":"shared-sharepointonl-a2adc8c1-e262-41c5-9141-b6cd-936dfcc2","source":"Embedded","id":"/providers/Microsoft.PowerApps/apis/shared_sharepointonline","tier":"NotSpecified"}},"flowFailureAlertSubscribed":false}}